{
	"configuration.suggest.basic": "如果已启用内置 PHP 语言建议，则进行配置。此支持建议 PHP 全局变量和变量。",
	"configuration.validate.enable": "启用/禁用内置的 PHP 验证。",
	"configuration.validate.executablePath": "指向 PHP 可执行文件。",
	"configuration.validate.run": "不管 linter 是在 save 还是在 type 上运行。",
	"configuration.title": "PHP",
	"commands.categroy.php": "PHP",
	"command.untrustValidationExecutable": "不要信任 PHP 验证可执行文件"
}