{
	"configuration.suggest.basic": "Consente di configurare l'abilitazione dei suggerimenti predefiniti per il linguaggio PHP. Il supporto suggerisce variabili e variabili globali PHP.",
	"configuration.validate.enable": "Abilita/Disabilita la convalida PHP predefinita.",
	"configuration.validate.executablePath": "Punta all'eseguibile di PHP.",
	"configuration.validate.run": "Indica se il linter viene eseguito durante il salvataggio o la digitazione.",
	"configuration.title": "PHP",
	"commands.categroy.php": "PHP",
	"command.untrustValidationExecutable": "Non considerare attendibile l'eseguibile di convalida PHP"
}