{
	"configuration.suggest.basic": "Указывает, включены ли встроенные языковые предложения для PHP. Поддержка предлагает глобальные значения и переменные PHP.",
	"configuration.validate.enable": "Включение или отключение встроенной проверки PHP.",
	"configuration.validate.executablePath": "Указывает на исполняемый файл PHP.",
	"configuration.validate.run": "Запускается ли анализатор кода при сохранении или при печати.",
	"configuration.title": "PHP",
	"commands.categroy.php": "PHP",
	"command.untrustValidationExecutable": "Не доверять исполняемому файлу проверки PHP"
}