{
	"name": "Solarized (light)",
	"tokenColors": [
		{
			"settings": {
				"background": "#FDF6E3",
				"foreground": "#657B83"
			}
		},
		{
			"name": "Comment",
			"scope": "comment",
			"settings": {
				"fontStyle": "italic",
				"foreground": "#93A1A1"
			}
		},
		{
			"name": "String",
			"scope": "string",
			"settings": {
				"foreground": "#2AA198"
			}
		},
		{
			"name": "Regexp",
			"scope": "string.regexp",
			"settings": {
				"foreground": "#D30102"
			}
		},
		{
			"name": "Number",
			"scope": "constant.numeric",
			"settings": {
				"foreground": "#D33682"
			}
		},
		{
			"name": "Variable",
			"scope": [
				"variable.language",
				"variable.other"
			],
			"settings": {
				"foreground": "#268BD2"
			}
		},
		{
			"name": "Keyword",
			"scope": "keyword",
			"settings": {
				"foreground": "#859900"
			}
		},
		{
			"name": "Storage",
			"scope": "storage",
			"settings": {
				"fontStyle": "bold",
				"foreground": "#073642"
			}
		},
		{
			"name": "Class name",
			"scope": [
				"entity.name.class",
				"entity.name.type"
			],
			"settings": {
				"foreground": "#268BD2"
			}
		},
		{
			"name": "Function name",
			"scope": "entity.name.function",
			"settings": {
				"foreground": "#268BD2"
			}
		},
		{
			"name": "Variable start",
			"scope": "punctuation.definition.variable",
			"settings": {
				"foreground": "#859900"
			}
		},
		{
			"name": "Embedded code markers",
			"scope": [
				"punctuation.section.embedded.begin",
				"punctuation.section.embedded.end"
			],
			"settings": {
				"foreground": "#D30102"
			}
		},
		{
			"name": "Built-in constant",
			"scope": [
				"constant.language",
				"meta.preprocessor"
			],
			"settings": {
				"foreground": "#B58900"
			}
		},
		{
			"name": "Support.construct",
			"scope": [
				"support.function.construct",
				"keyword.other.new"
			],
			"settings": {
				"foreground": "#D30102"
			}
		},
		{
			"name": "User-defined constant",
			"scope": [
				"constant.character",
				"constant.other"
			],
			"settings": {
				"foreground": "#CB4B16"
			}
		},
		{
			"name": "Inherited class",
			"scope": "entity.other.inherited-class",
			"settings": {}
		},
		{
			"name": "Function argument",
			"scope": "variable.parameter",
			"settings": {}
		},
		{
			"name": "Tag name",
			"scope": "entity.name.tag",
			"settings": {
				"foreground": "#268BD2"
			}
		},
		{
			"name": "Tag start/end",
			"scope": [
				"punctuation.definition.tag.begin",
				"punctuation.definition.tag.end"
			],
			"settings": {
				"foreground": "#93A1A1"
			}
		},
		{
			"name": "Tag attribute",
			"scope": "entity.other.attribute-name",
			"settings": {
				"foreground": "#93A1A1"
			}
		},
		{
			"name": "Library function",
			"scope": "support.function",
			"settings": {
				"foreground": "#268BD2"
			}
		},
		{
			"name": "Continuation",
			"scope": "punctuation.separator.continuation",
			"settings": {
				"foreground": "#D30102"
			}
		},
		{
			"name": "Library constant",
			"scope": "support.constant",
			"settings": {}
		},
		{
			"name": "Library class/type",
			"scope": [
				"support.type",
				"support.class"
			],
			"settings": {
				"foreground": "#859900"
			}
		},
		{
			"name": "Library Exception",
			"scope": "support.type.exception",
			"settings": {
				"foreground": "#CB4B16"
			}
		},
		{
			"name": "Library variable",
			"scope": "support.other.variable",
			"settings": {}
		},
		{
			"name": "Invalid",
			"scope": "invalid",
			"settings": {}
		},
		{
			"name": "diff: header",
			"scope": [
				"meta.diff",
				"meta.diff.header"
			],
			"settings": {
				"background": "#b58900",
				"fontStyle": "italic",
				"foreground": "#E0EDDD"
			}
		},
		{
			"name": "diff: deleted",
			"scope": "markup.deleted",
			"settings": {
				"background": "#eee8d5",
				"fontStyle": "",
				"foreground": "#dc322f"
			}
		},
		{
			"name": "diff: changed",
			"scope": "markup.changed",
			"settings": {
				"background": "#eee8d5",
				"fontStyle": "",
				"foreground": "#cb4b16"
			}
		},
		{
			"name": "diff: inserted",
			"scope": "markup.inserted",
			"settings": {
				"background": "#eee8d5",
				"foreground": "#219186"
			}
		},
		{
			"name": "Markup Quote",
			"scope": "markup.quote",
			"settings": {
				"foreground": "#859900"
			}
		},
		{
			"name": "Markup Lists",
			"scope": "markup.list",
			"settings": {
				"foreground": "#B58900"
			}
		},
		{
			"name": "Markup Styling",
			"scope": [
				"markup.bold",
				"markup.italic"
			],
			"settings": {
				"foreground": "#D33682"
			}
		},
		{
			"name": "Markup Inline",
			"scope": "markup.inline.raw",
			"settings": {
				"fontStyle": "",
				"foreground": "#2AA198"
			}
		},
		{
			"name": "Markup Headings",
			"scope": "markup.heading",
			"settings": {
				"foreground": "#268BD2"
			}
		},
		{
			"name": "Markup Setext Header",
			"scope": "markup.heading.setext",
			"settings": {
				"fontStyle": "",
				"foreground": "#268BD2"
			}
		}
	],
	"colors": {
		"editorBackground": "#FDF6E3",
		"editorCursor": "#657B83",
		"editorWhitespaces": "#586E7580",
		"editorLineHighlight": "#EEE8D5",
		"editorSelection": "#EEE8D5",

		"sideBarBackground": "#EEE8D5",
		"sideBarTitleForeground": "#586E75",
		"activityBarBackground": "#DDD6C1",
		"activityBarDragAndDropBackground": "#EEE8D5",
		"activityBadgeBackground": "#B58900",
		"editorWidgetBackground": "#EEE8D5",
		"inputBoxBackground": "#DDD6C1",
		"inputBoxForeground": "#586E75",
		"inputBoxActiveOptionBorder": "#2AA19899",
		"focusedElementOutline": "#2AA19899",
		"titleBarActiveBackground": "#002C39",
		"titleBarInactiveBackground": "#002C39",
		"statusBarForeground": "#586E75",
		"statusBarBackground": "#EEE8D5",
		"statusBarDebuggingBackground": "#EEE8D5",
		"statusBarNoFolderBackground": "#EEE8D5",
		"activeTabActiveGroupForeground": "#d6dbdb",
		"activeTabBackground": "#FDF6E3",
		"inactiveTabActiveGroupForeground": "#586E75",
		"inactiveTabBackground": "#CCC4B0",
		"tabsContainerBackground": "#CCC4B0",
		"tabBorder": "#DDD6C1",
		"activeTabInactiveGroupForeground": "#586E75",
		"inactiveTabInactiveGroupForeground": "#586E75",
		"debugToolBarBackground": "#EEE8D5",
		"dropdownBackground": "#EEE8D5",
		"dropdownBorder": "#2AA19899",

		"peekViewResultsBackground": "#EEE8D5",
		"peekViewTitleBackground": "#EEE8D5",
		"peekViewEditorMatchHighlight": "#7744AA40",
		"editorHoverBackground": "#CCC4B0"

	}
}