{
	"command.clone": "克隆",
	"command.init": "初始化存储库",
	"command.refresh": "刷新",
	"command.openChange": "打开更改",
	"command.openFile": "打开文件",
	"command.stage": "暂存更改",
	"command.stageAll": "暂存所有更改",
	"command.stageSelectedRanges": "暂存所选范围",
	"command.revertSelectedRanges": "还原所选更改",
	"command.unstage": "取消暂存更改",
	"command.unstageAll": "取消暂存所有更改",
	"command.unstageSelectedRanges": "取消暂存所选范围",
	"command.clean": "放弃更改",
	"command.cleanAll": "放弃所有更改",
	"command.commit": "提交",
	"command.commitStaged": "提交已暂存文件",
	"command.commitStagedSigned": "提交已暂存文件(已注销)",
	"command.commitAll": "全部提交",
	"command.commitAllSigned": "全部提交(已注销)",
	"command.undoCommit": "撤消上次提交",
	"command.checkout": "签出到...",
	"command.branch": "创建分支...",
	"command.pull": "拉取",
	"command.pullRebase": "拉取(变基)",
	"command.push": "推送",
	"command.pushTo": "推送到...",
	"command.sync": "同步",
	"command.publish": "发布",
	"command.showOutput": "显示 GIT 输出",
	"config.enabled": "是否已启用 GIT",
	"config.path": "可执行 GIT 的路径",
	"config.autorefresh": "是否已启用自动刷新",
	"config.autofetch": "是否启用了自动提取",
	"config.enableLongCommitWarning": "是否针对长段提交消息进行警告",
	"config.confirmSync": "同步 GIT 存储库前请先进行确认",
	"config.countBadge": "控制 GIT 徽章计数器",
	"config.checkoutType": "控制列出哪些分支类型",
	"config.ignoreLegacyWarning": "Ignores the legacy Git warning"
}