{
	"command.clone": "Clone",
	"command.init": "Initialize Repository",
	"command.refresh": "Refresh",
	"command.openChange": "Open Changes",
	"command.openFile": "Open File",
	"command.stage": "Stage Changes",
	"command.stageAll": "Stage All Changes",
	"command.stageSelectedRanges": "Stage Selected Ranges",
	"command.revertSelectedRanges": "Revert Selected Ranges",
	"command.unstage": "Unstage Changes",
	"command.unstageAll": "Unstage All Changes",
	"command.unstageSelectedRanges": "Unstage Selected Ranges",
	"command.clean": "Discard Changes",
	"command.cleanAll": "Discard All Changes",
	"command.commit": "Commit",
	"command.commitStaged": "Commit Staged",
	"command.commitStagedSigned": "Commit Staged (Signed Off)",
	"command.commitAll": "Commit All",
	"command.commitAllSigned": "Commit All (Signed Off)",
	"command.undoCommit": "Undo Last Commit",
	"command.checkout": "Checkout to...",
	"command.branch": "Create Branch...",
	"command.pull": "Pull",
	"command.pullRebase": "Pull (Rebase)",
	"command.push": "Push",
	"command.pushTo": "Push to...",
	"command.sync": "Sync",
	"command.publish": "Publish",
	"command.showOutput": "Show Git Output",
	"config.enabled": "Whether git is enabled",
	"config.path": "Path to the git executable",
	"config.autorefresh": "Whether auto refreshing is enabled",
	"config.autofetch": "Whether auto fetching is enabled",
	"config.enableLongCommitWarning": "Whether long commit messages should be warned about",
	"config.confirmSync": "Confirm before synchronizing git repositories",
	"config.countBadge": "Controls the git badge counter",
	"config.checkoutType": "Controls what type of branches are listed",
	"config.ignoreLegacyWarning": "Ignores the legacy Git warning"
}