{
	"nameShort": "Code - Hacked!",
	"nameLong": "Code - Hacked!",
	"applicationName": "code",
	"dataFolderName": ".vscode",
	"win32MutexName": "vscode",
	"licenseName": "MIT",
	"licenseUrl": "https://github.com/Microsoft/vscode/blob/master/LICENSE.txt",
	"win32DirName": "Microsoft Code OSS",
	"win32NameVersion": "Microsoft Code OSS",
	"win32RegValueName": "CodeOSS",
	"win32AppId": "{{E34003BB-9E10-4501-8C11-BE3FAA83F23F}",
	"win32AppUserModelId": "Microsoft.CodeOSS",
	"win32ShellNameShort": "C&ode - Hacked!",
	"darwinBundleIdentifier": "com.visualstudio.code.oss",
	"reportIssueUrl": "https://github.com/Microsoft/vscode/issues/new",
	"urlProtocol": "code",
	"extensionsGallery": {
		"serviceUrl": "https://marketplace.visualstudio.com/_apis/public/gallery",
		"cacheUrl": "https://vscode.blob.core.windows.net/gallery/index",
		"itemUrl": "https://marketplace.visualstudio.com/items"
	},
	"commit": "a4d96683b995ee2fbc5b34e1a15e60d54dcacf54",
	"date": "2017-04-15T17:55:19.396Z",
	"checksums": {
		"vs/workbench/electron-browser/workbench.main.js": "H5yweaSVib4cOuW+k+nNFA",
		"vs/workbench/electron-browser/workbench.main.css": "vYvzyk75oAkzGCl3OxUIUg",
		"vs/workbench/electron-browser/bootstrap/index.html": "RVeL8FJxPTUmRNqlGB/PDw",
		"vs/workbench/electron-browser/bootstrap/index.js": "aSoeumXTi2790Kapoao7Xw"
	}
}