{
	"typescript.reloadProjects.title": "Reload Project",
	"javascript.reloadProjects.title": "Reload Project",
	"configuration.typescript": "TypeScript",
	"typescript.useCodeSnippetsOnMethodSuggest.dec": "Complete functions with their parameter signature.",
	"typescript.tsdk.desc": "Specifies the folder path containing the tsserver and lib*.d.ts files to use.",
	"typescript.disableAutomaticTypeAcquisition": "Disables automatic type acquisition. Requires TypeScript >= 2.0.6 and a restart after changing it.",
	"typescript.check.tscVersion": "Check if a global install TypeScript compiler (e.g. tsc) differs from the used TypeScript language service.",
	"typescript.tsserver.log": "Enables logging of the TS server to a file. This log can be used to diagnose TS Server issues. The log may contain file paths, source code, and other potentially sensitive information from your project.",
	"typescript.tsserver.trace": "Enables tracing of messages sent to the TS server. This trace can be used to diagnose TS Server issues. The trace may contain file paths, source code, and other potentially sensitive information from your project.",
	"typescript.tsserver.experimentalAutoBuild": "Enables experimental auto build. Requires 1.9 dev or 2.x tsserver version and a restart of VS Code after changing it.",
	"typescript.validate.enable": "Enable/disable TypeScript validation.",
	"typescript.format.enable": "Enable/disable default TypeScript formatter.",
	"javascript.format.enable": "Enable/disable default JavaScript formatter.",
	"format.insertSpaceAfterCommaDelimiter": "Defines space handling after a comma delimiter.",
	"format.insertSpaceAfterSemicolonInForStatements": " Defines space handling after a semicolon in a for statement.",
	"format.insertSpaceBeforeAndAfterBinaryOperators": "Defines space handling after a binary operator.",
	"format.insertSpaceAfterKeywordsInControlFlowStatements": "Defines space handling after keywords in a control flow statement.",
	"format.insertSpaceAfterFunctionKeywordForAnonymousFunctions": "Defines space handling after function keyword for anonymous functions.",
	"format.insertSpaceBeforeFunctionParenthesis": "Defines space handling before function argument parentheses. Requires TypeScript >= 2.1.5.",
	"format.insertSpaceAfterOpeningAndBeforeClosingNonemptyParenthesis": "Defines space handling after opening and before closing non empty parenthesis.",
	"format.insertSpaceAfterOpeningAndBeforeClosingNonemptyBrackets": "Defines space handling after opening and before closing non empty brackets.",
	"format.insertSpaceAfterOpeningAndBeforeClosingNonemptyBraces": "Defines space handling after opening and before closing non empty braces. Requires TypeScript >= 2.3.0.",
	"format.insertSpaceAfterOpeningAndBeforeClosingTemplateStringBraces": "Defines space handling after opening and before closing template string braces. Requires TypeScript >= 2.0.6.",
	"format.insertSpaceAfterOpeningAndBeforeClosingJsxExpressionBraces": "Defines space handling after opening and before closing JSX expression braces. Requires TypeScript >= 2.0.6.",
	"format.placeOpenBraceOnNewLineForFunctions": "Defines whether an open brace is put onto a new line for functions or not.",
	"format.placeOpenBraceOnNewLineForControlBlocks": "Defines whether an open brace is put onto a new line for control blocks or not.",
	"javascript.validate.enable": "Enable/disable JavaScript validation.",
	"typescript.goToProjectConfig.title": "Go to Project Configuration",
	"javascript.goToProjectConfig.title": "Go to Project Configuration",
	"typescript.referencesCodeLens.enabled": "Enable/disable references CodeLens. Requires TypeScript >= 2.0.6.",
	"typescript.implementationsCodeLens.enabled": "Enable/disable implementations CodeLens. Requires TypeScript >= 2.2.0.",
	"typescript.openTsServerLog.title": "Open TS Server log file",
	"typescript.selectTypeScriptVersion.title": "Select TypeScript Version",
	"jsDocCompletion.enabled": "Enable/disable auto JSDoc comments"
}
