{
	"comments": {
		"lineComment": "--",
		"blockComment": [ "/*", "*/" ]
	},
	"brackets": [
		["{", "}"],
		["[", "]"],
		["(", ")"]
	],
	"autoClosingPairs": [
		["{", "}"],
		["[", "]"],
		["(", ")"],
		["\"", "\""],
		["'", "'"]
	],
	"surroundingPairs": [
		["{", "}"],
		["[", "]"],
		["(", ")"],
		["\"", "\""],
		["'", "'"]
	]

	// enhancedBrackets:[
	// 	{ openTrigger: 'n', open: /begin$/i, closeComplete: 'end', matchCase: true },
	// 	{ openTrigger: 'e', open: /case$/i, closeComplete: 'end', matchCase: true },
	// 	{ openTrigger: 'n', open: /when$/i, closeComplete: 'then', matchCase: true }
	// ],
	// noindentBrackets: '()',
}