{
	"markdown.preview.doubleClickToSwitchToEditor.desc": "在 Markdown 預覽中按兩下會切換到編輯器。",
	"markdown.preview.fontFamily.desc": "控制 Markdown 預覽中使用的字型家族。",
	"markdown.preview.fontSize.desc": "控制 Markdown 預覽中使用的字型大小 (以像素為單位)。",
	"markdown.preview.lineHeight.desc": "控制 Markdown 預覽中使用的行高。此數字相對於字型大小。",
	"markdown.preview.markEditorSelection.desc": "在 Markdown 預覽中標記目前的編輯器選取範圍。",
	"markdown.preview.scrollEditorWithPreview.desc": "捲動 Markdown 預覽時會更新編輯器的檢視。",
	"markdown.preview.scrollPreviewWithEditorSelection.desc": "捲動 Markdown 預覽以顯示目前從編輯器選取的行。",
	"markdown.preview.title": "開啟預覽",
	"markdown.previewFrontMatter.dec": "設定 YAML 前端在 Markdown 預覽中呈現的方式。[隱藏] 會移除前端。否則，前端會視為 Markdown 內容。",
	"markdown.previewSide.title": "在一側開啟預覽",
	"markdown.showSource.title": "顯示來源",
	"markdown.styles.dec": "可從 Markdown 預覽使用之 CSS 樣式表的 URL 或本機路徑清單。相對路徑是相對於在總管中開啟的資料夾來進行解釋。若沒有開啟資料夾，路徑則是相對於 Markdown 檔案的位置來進行解釋。所有 '' 都必須寫成 '\\'。",
	"markdown.showPreviewSecuritySelector.title": "變更 Markdown 預覽安全性設定",
	"markdown.preview.enableExperimentalExtensionApi.desc": "[Experimental] Allow extensions to extend the markdown preview."
}